Plot__name,Plot__url,Plot__Price,Plot__Beds,Property__Age,Build__Area,Plot__Area,Plot__Location,Plot__DESC
"2 Bedroom House in Peyad, Trivandrum",https://www.99acres.com/2-bhk-bedroom-independent-house-villa-for-sale-in-peyad-trivandrum-2200-sq-ft-r3-spid-F38813383,5500000.0,2.0,3.495118786087473,2200.0,1000.0,68,"An impeccable opportunity is here for those who are looking to own aesthetically designed independent villa in , peyad, kerala which ensures a relaxed and comfortable stay. Being an independent villa it provides you a serene and tranquil environment with a modern setup. This villa provides ample natural light and has good ventilation that invites comfort."
"4 Bedroom House in Chenkottukonam, Trivandrum",https://www.99acres.com/4-bhk-bedroom-independent-house-villa-for-sale-in-chenkottukonam-trivandrum-1742-sq-ft-r1-spid-Q73189523,6900000.0,4.0,6.655560701309242,1700.0,1742.0,10,"House for sale in gated community near technopark, chengottukonam"
"3 Bedroom House in Puthenthope, Trivandrum",https://www.99acres.com/3-bhk-bedroom-independent-house-villa-for-sale-in-puthenthope-trivandrum-958320-sq-ft-spid-C75668759,7500000.0,3.0,0.0,2200.0,1742.0,78,"Planning to buy an individual house in trivandrum. Then you should definitely check out this 3 bhk house for sale in puthenthope, a well-Planned and well-Connected locality in trivandrum. The floor plan additionally contains 3 bedrooms, 3 bathrooms and 2 balconies. All in all, the independent house is spread over a built up area of 2200 sq.Ft. This 3 bhk house comes attached with 1 covered and 1 open parking for your vehicle(s). This 0-1 year old property is available for immediate possession as the house is ready to move. It is a freehold property. This independent house is available at an attractive price of 85 lac. You can enjoy additional wellness features and amenities such as club house / community center, that are part of this housing locality. You enjoy a 24*7 water supply in your house."
"4 Bedroom House for sale in Venjaramoodu, Trivandrum",https://www.99acres.com/4-bhk-bedroom-independent-house-villa-for-sale-in-venjaramoodu-trivandrum-1800-sq-ft-spid-J77081363,6500000.0,4.0,0.5089825853885316,1800.0,3049.0,93,4 bhk new house for sale near venjaramoodu. 7cent 1800sqft house with semi furnished. Amenities * 100mtr to govt pirappancode school and university college. * 500mtr to mc road. * 3km to hospital. * residential area with govt employees * life time guarantee construction. * 2km to petrol pump * 750 mtr to bus stop * 4km to gokulum hospital.
"4 Bedroom House for sale in Uliyazhathura, Trivandrum",https://www.99acres.com/4-bhk-bedroom-independent-house-villa-for-sale-in-uliyazhathura-trivandrum-609840-sq-ft-spid-F77077837,5400000.0,4.0,0.5239936537215222,1400.0,1524.0,86,"3.2 cent 4 bedroom 4 bathroom 1400sqft 5400,000 Subash nagar ,powdikonam sreekaryam * powdikonam - Jn 1.5 km * sreekaryam -5 km * mc road- 1.5 km * mannanthala 3 km * all facilities within 1.5 km"
"2 Bedroom House for sale in Thirumala, Trivandrum",https://www.99acres.com/2-bhk-bedroom-independent-house-villa-for-sale-in-thirumala-trivandrum-3093-sq-ft-spid-W77076181,16000000.0,2.0,4.153129316102042,1995.0,3092.0,84,"2 floor house, 2 bedroom, 2 attached bathroom, Kitchen, dining area, courtyard, 2 living room, 1 balcony, open accessible terrace, car porch 1995sq ft, appox 7.2cents"
"3 Bedroom House for sale in Powdikonam, Trivandrum",https://www.99acres.com/3-bhk-bedroom-independent-house-villa-for-sale-in-powdikonam-trivandrum-4792-sq-ft-spid-Y77044721,11800000.0,3.0,5.927295750218583,2150.0,4791.0,73,"2150 sqft,3abhk, all attached. One additional wash room , drawing room, dining, living room, balcony, sit out, kitchen, store, work area, covered side terrace, 3+ car parking space,42 rings deep well& cooperation water connection. Land located at samskara lane powdikonam Land area : 10.85( As per adharam, actual 11cents) 3.5 meter road lorry access Main stop 450meter Powdikonam junction 500 meter Sreekaryam 3 km Medical college 7 km Technopark 9 km Airport 12 km Trivandrum 10 km Mc road mannanthala junction 3 km Triveni supermarket 450 meter Public market 500 meter Central bank of india 450 meter Dm private hospital 550 meter Loyola school 4 km St. Thomas school 4.5km S n public school 3.5 km Sabarigiri international school 5 km Chempaka school 4 km Road concrete or interlock finishing Engineering colleges -3.5 km Kims 6 km Railway staion 10 km"
"4 Bedroom House for sale in Pothencode, Trivandrum",https://www.99acres.com/4-bhk-bedroom-independent-house-villa-for-sale-in-pothencode-trivandrum-2396-sq-ft-spid-O77031827,8000000.0,4.0,8.73860192429224,2000.0,2395.0,71,Key highlights:
"3 Bedroom House for sale in Pallichal, Trivandrum",https://www.99acres.com/3-bhk-bedroom-independent-house-villa-for-sale-in-pallichal-trivandrum-2000-sq-ft-r1-spid-L73155529,6000000.0,3.0,2.376139638852587,2000.0,2500.0,60,Good and spacious with all facilities available near by such as hospital college
"4 Bedroom House for sale in Pothencode, Trivandrum",https://www.99acres.com/4-bhk-bedroom-independent-house-villa-for-sale-in-pothencode-trivandrum-1800-sq-ft-spid-S76955025,6500000.0,4.0,0.4112110852566032,1800.0,1800.0,71,"New launch ed home for sale near pothencode 1800sq.Ft, 4bhk owner"
"3 Bedroom House for sale in Puliyarakonam, Trivandrum",https://www.99acres.com/3-bhk-bedroom-independent-house-villa-for-sale-in-puliyarakonam-trivandrum-1525-sq-ft-spid-I76954661,4100000.0,3.0,7.595302128042394,1698.0,1525.0,76,"2 floors, car parking , 3 bedrooms, 3 bathrooms, hall, separate dining area, north facing, common area on 1st floor, balcony , work area, funished kitchen, tarred road till entrance of the property entrance lane ( 10meters private lane with car access) , near to myladi - Puliyarakonam"
"2 Bedroom House for sale in Kazhakootam, Trivandrum",https://www.99acres.com/2-bhk-bedroom-independent-house-villa-for-sale-in-kazhakootam-trivandrum-1000-sq-ft-spid-I76929399,10000000.0,2.0,0.42014125070320574,1000.0,2100.0,32,Individual house for sale near kazhakootam
"5 Bedroom House for sale in Kovalam, Trivandrum",https://www.99acres.com/5-bhk-bedroom-independent-house-villa-for-sale-in-kovalam-trivandrum-1132560-sq-ft-r19-spid-D28415859,15000000.0,5.0,7.202902899888893,2600.0,3049.0,37,"Interested to sell independent house/villa.It is more than 10 years old property constructionplaced at kovalam.2600.00 sq.Ft.(Builtup area) , 7.00 cents(Plot area) is the area of the propertynice unfurnished enhancing decorit has spacious 5 bedrooms and 4 bathrooms. .Want to sell it for rs 15000000 it's near to kovalam beach, vizhinjam mother port"
"2 Bedroom House for sale in Alamcode, Trivandrum",https://www.99acres.com/2-bhk-bedroom-independent-house-villa-for-sale-in-alamcode-trivandrum-970-sq-ft-spid-B76869665,4500000.0,2.0,0.563534406413674,970.0,1742.0,1,2 bhk house for sale In attingal total 4 cent plot
"3 Bedroom House for sale in Malayinkeezh, Trivandrum",https://www.99acres.com/3-bhk-bedroom-independent-house-villa-for-sale-in-malayinkeezh-trivandrum-2178-sq-ft-spid-T76866961,4800000.0,3.0,0.4401584805953098,1550.0,2178.0,42,"Area-1550 sq feet, 5 cent, 3 bhk, drawing dining hall, 2 balconies, 1 utility room, one open terrace, with compound wall & gate, front garden tiled & concreted, well & govt tap water.Location falls in malayinkeezhu. This 3 bhk unit is available in malayinkeezhu and offers a premium lifestyle at the best price. It is a desired purchase for any homebuyer in malayinkeezhu. The price of this independent house is rs 48.0 l. It is a good, spacious independent house unit with carpet area of 1450 square feet. The built-Up area is 1550 square feet. There are 3 bedrooms and 3 bathroom. The property is east-Facing. This property is at a walking distance from malayinkeezhu community health centre, matha ayurveda eye hospital and panchakarma centre moongode, and abhaya hospital mitra psychiatry and deaddiction centre. The brokerage amount to be paid is rs 0"
"4 Bedroom House for sale in Mangalapuram, Trivandrum",https://www.99acres.com/4-bhk-bedroom-independent-house-villa-for-sale-in-i-cloud-mangalapuram-trivandrum-2626-sq-ft-r3-spid-V51494320,14900000.0,4.0,3.7023445458781805,2626.0,2800.0,43,"My premium villa comes with all amenities and is fully secured. Community has retd officials, doctors and is ready for immediate possession."
"4 Bedroom House for sale in Chenkottukonam, Trivandrum",https://www.99acres.com/4-bhk-bedroom-independent-house-villa-for-sale-in-chenkottukonam-trivandrum-1634-sq-ft-spid-N76838385,6800000.0,4.0,8.320706049540059,1700.0,1633.0,10,"House for sale in gated community near technopark, chengottukonam4 bed room house, can be used as two 2bhkground and upstairs, each floor with 2 bedrooms with attached bathrooms 1 kitchen 1 spacious hall work area first floor for sale..Land area about 4 centsplinth area 1700 sqft.Carpet area 1400 sqftredbrick quality construction house constructed for personal use.Space available for 2 cars parking gardening.Bore well drinking quality available.Covered terrace for gardening."
"3 Bedroom House for sale in Ooruttambalam, Trivandrum",https://www.99acres.com/3-bhk-bedroom-independent-house-villa-for-sale-in-ooruttambalam-trivandrum-1006-sq-ft-spid-E76801357,2900000.0,3.0,0.0,1006.0,2069.0,57,Under construction
"3 Bedroom House for sale in Pravachambalam, Trivandrum",https://www.99acres.com/3-bhk-bedroom-independent-house-villa-for-sale-in-pravachambalam-trivandrum-1742-sq-ft-spid-R76784179,6200000.0,3.0,0.6164663600660201,1600.0,2090.0,74,"Located 200 mtrs from main road to trinity college Area : 4.8 cents 1600 sqft 3 car parking space Vathu based house Front doors and windows : Jack wood Premium quality laminated plywood used for Tv units,wardrobes,kitchen cupboards etc Ground floor : 1 bed room First floor : 2 bed rooms Wardrobes in 2 bedrooms Bath room fittings : Cera Electrical fittings : Vguard,legrand Water proof kitchen cupboards Pravachambalam : 2 km Trivandrum : 9 km Price : 62 lakhs(Nego)"
"3 Bedroom House for sale in Pravachambalam, Trivandrum",https://www.99acres.com/3-bhk-bedroom-independent-house-villa-for-sale-in-pravachambalam-trivandrum-1500-sq-ft-r1-spid-E74118035,4800000.0,3.0,0.0,1500.0,2200.0,60,For sale: Charming home near naruvamood junction
"3 Bedroom House for sale in Karikkakam, Trivandrum",https://www.99acres.com/3-bhk-bedroom-independent-house-villa-for-sale-in-karikkakam-trivandrum-1500-sq-ft-r11-spid-V41368951,9000000.0,3.0,2.3195623990388885,1500.0,1524.0,26,"2kms away from chackai bypass jn ,lulu mall,airport,railway station,hospitals"
"3 Bedroom House for sale in Karikkakam, Trivandrum",https://www.99acres.com/3-bhk-bedroom-independent-house-villa-for-sale-in-karikkakam-trivandrum-1525-sq-ft-r1-spid-M68183586,8150000.0,3.0,8.255531555045138,1525.0,1420.0,26,"Villa in vivekanda nagar, karikakam which is 2.5 km from lulu mall and 4 km from tvm international airport for sale. Kims hospital is about 2 km. This is the first house in the project and has a total land of 3.26 cents. The interiors are modern. Construction completed in first half of 2016. Price is negotiable. The furnished items may be moved on purchase and basic ones like lights and fans will be made available. Ac can be kept if additional payment done. If any of the items are required, it has to be separately discussed. If brokers are involved, please excuse your charges from the sale price."
"3 Bedroom House for sale in Thattathumala, Trivandrum",https://www.99acres.com/3-bhk-bedroom-independent-house-villa-for-sale-in-thattathumala-trivandrum-4356-sq-ft-r1-spid-M73529963,4500000.0,3.0,7.168076495852669,1300.0,4356.0,83,Mc road 10 1300 sqft 3 Near hospital Near school Near market
"4 Bedroom House for sale in Karyavattom, Trivandrum",https://www.99acres.com/4-bhk-bedroom-independent-house-villa-for-sale-in-future-garden-homes-karyavattom-trivandrum-2352-sq-ft-spid-Q76688483,7400000.0,4.0,7.506209272018898,2200.0,2352.0,28,"5 bhk (G+1 house) with 4 attached bathrooms + 1 kitchen + 2 halls & dining area+ verandah & balcony for urgent sale at very attactive price for immediate buyers. Separate entrances (Gate entry and door entry) are available gf & ff. 2 car parking space & bore well (Drinking water). Recently painted, leak proof coated roof & pest treated red brick house at kariyavattom. Pullanivila junction - Approx. 1 km Technopark - About 4 km Lncpe kurissadu junction - 1 km approx. Land area about 5.4 cents. House area about 2200 sft. Rental value - Rs. 20,000 above."
"4 Bedroom House for sale in Njandoorkonam, Trivandrum",https://www.99acres.com/4-bhk-bedroom-independent-house-villa-for-sale-in-favourite-pebble-gardens-njandoorkonam-trivandrum-1089000-sq-ft-spid-A76684197,14500000.0,4.0,6.909153280235833,2500.0,3049.0,56,"Semi furnished villa, corner plot, 2 sides open within a gated community comprising 78 villas in a 6-Acre plot with all amenities including swimming pool, club house with gym, sauna, squash court, badminton court, kids' play area, a small ground for football/pitch for cricket with led lights, park for children and elders, etc. Kitchen and work area are newly renovated with premium quality aluminum cabinets. Full roof top has aluminium roofing and mesh cover. It is well connected to all important locations and easily accessible from all directions."
"2 Bedroom House for sale in Kunnapuzha, Trivandrum",https://www.99acres.com/2-bhk-bedroom-independent-house-villa-for-sale-in-kunnapuzha-trivandrum-1200-sq-ft-spid-C76647213,5500000.0,2.0,8.028511712144317,1200.0,2244.0,40,5.15 cent near church kunnapuzha..School shops hospitals nearby.Now given for rent...
"4 Bedroom House for sale in Venjaramoodu, Trivandrum",https://www.99acres.com/4-bhk-bedroom-independent-house-villa-for-sale-in-venjaramoodu-trivandrum-1001880-sq-ft-r2-spid-J72116662,9000000.0,4.0,0.5574485139708332,2300.0,3267.0,93,4 bed room new house for sale in venjaramoodu near kunnil supermarket for sale. Total area 7.5 cents.
"3 Bedroom House for sale in Puliyarakonam, Trivandrum",https://www.99acres.com/3-bhk-bedroom-independent-house-villa-for-sale-in-puliyarakonam-trivandrum-1200-sq-ft-spid-E76586221,8000000.0,3.0,6.519767786603995,1200.0,3485.0,76,"This is a 3bhk house in puliyarakonam, this property offers an ideal blend of nature and technology. In addition to the house, there is a 3 cent property included in this deal, featuring fertile soil perfect for growing organic food for your family. Just a short 50 meters away is the nearest bus stop. Within a 700-Meter radius, you will find amenities such as a petrol pump, cooperative bank, dairy farm, supermarkets, gym, sbi bank, post office, asianet studio, and many other attractions to discover. The total is 8cent"
"1 Bedroom House for sale in Vizhinjam, Trivandrum",https://www.99acres.com/1-bhk-bedroom-independent-house-villa-for-sale-in-vizhinjam-trivandrum-700-sq-ft-spid-F76574457,6500000.0,1.0,6.056411340181809,700.0,4356.0,95,"10 cent house with one attached bedroom,hall, open kitchen and another small kitchen, outside batrhroom.800 mtr from veganoor junction.. 2km from vizhinjm.. 5km from kovalam"
"4 Bedroom House for sale in AKG Nagar, Trivandrum",https://www.99acres.com/4-bhk-bedroom-independent-house-villa-for-sale-in-akg-nagar-trivandrum-3000-sq-ft-spid-U76555453,25000000.0,4.0,2.4045157189024358,3000.0,3049.0,0,"7.5 cents, 3000 sq. Ft. Independent villa at the meeting point of akg nagar and darshan nagar in peroorkada. Situated in a calm and peaceful residential area, yet very close to the city."
"3 Bedroom House for sale in Chanthavila, Trivandrum",https://www.99acres.com/3-bhk-bedroom-independent-house-villa-for-sale-in-chanthavila-trivandrum-2000-sq-ft-spid-B76407179,7800000.0,3.0,2.8590671650599324,2000.0,1600.0,75,"1km from kinfra film and it park, just few meters from the kazhakootam-Kilimaanoor highway. Opposite to government upper primary school, chanthavila, 6 km to technopark."
"3 Bedroom House for sale in Vattiyoorkavu, Trivandrum",https://www.99acres.com/3-bhk-bedroom-independent-house-villa-for-sale-in-vattiyoorkavu-trivandrum-1750-sq-ft-spid-X76331999,10000000.0,3.0,0.30567180120926574,1750.0,1851.0,89,"4.25 cent, new house with redbricks construction, 2.5 km from vattiyoorkavu jn."
"3 Bedroom House for sale in Udiyankulangara, Trivandrum",https://www.99acres.com/3-bhk-bedroom-independent-house-villa-for-sale-in-udiyankulangara-trivandrum-2170-sq-ft-spid-E76315293,5500000.0,3.0,2.9262058102082835,1850.0,2170.0,85,Inside 50 metres from main junction Two wheeler access only
"4 Bedroom House for sale in Kollamkavu, Trivandrum",https://www.99acres.com/4-bhk-bedroom-independent-house-villa-for-sale-in-kollamkavu-trivandrum-1900-sq-ft-spid-E76232019,12500000.0,4.0,7.652785848098816,1900.0,7841.0,36,"An independent 1900sqft house with a 12cent backyard (Total 18 cent square plot) near nedumangad,pazhakutty."
"3 Bedroom House for sale in Pachalloor, Trivandrum",https://www.99acres.com/3-bhk-bedroom-independent-house-villa-for-sale-in-pachalloor-trivandrum-2175-sq-ft-spid-Y76191115,6500000.0,3.0,0.6075753585249072,1300.0,2175.0,58,3 bhk house for sale in 5 cents 3 car parking area 1300 sqfeet house all work including kitchen cupboard and work area completed
"5 Bedroom House for sale in Muttathara, Trivandrum",https://www.99acres.com/5-bhk-bedroom-independent-house-villa-for-sale-in-asan-nagar-muttathara-trivandrum-3101-sq-ft-spid-E76189511,13000000.0,5.0,2.6373172873156348,1959.0,3101.0,52,"Sale by owner - Home ( Muttathara , near enchakkal bypass) trivandrum, kerala state Plot area 7.122 cent Built up : 1959 sqft Parking garage, 5 beds & 3 bathrooms"
"4 Bedroom House for sale in Kilimanoor, Trivandrum",https://www.99acres.com/4-bhk-bedroom-independent-house-villa-for-sale-in-kilimanoor-trivandrum-2500-sq-ft-spid-X76106149,11500000.0,4.0,8.81320158415655,2500.0,8712.0,34,"20 cent good land front side road. Foreground good area and one covered car park Back side the home all trees like jackfruit, manago, coconut and many From side garden- And fruits trees like- Rambutan, mango, custard apple and pure water well also in front side and panchayat water connection available"
"3 Bedroom House for sale in Karimanal, Trivandrum",https://www.99acres.com/3-bhk-bedroom-independent-house-villa-for-sale-in-karimanal-trivandrum-12-sq-ft-spid-R76054909,17000000.0,3.0,7.238435819009595,1200.0,5227.0,27,Total 12 cent 1200 sqft house 3 bedroom with attached bathroom 100 m nearest new hospital aster medicity 200 m highway ( Nh bypass) 1.5 km lulu mall 250 m near school ( Mgm school)
"3 Bedroom House for sale in Shangumukham, Trivandrum",https://www.99acres.com/3-bhk-bedroom-independent-house-villa-for-sale-in-shangumukham-trivandrum-1500-sq-ft-spid-S75979865,15000000.0,3.0,7.869057659453943,1500.0,3000.0,79,"I am looking for buyer to purchase house/villa available for sale in shankumugham, trivandrum. Available at price of rs 1.5 crores. It has plot area of 3000 sq ft. It has 3 bhk, 2 bathroom, 1 balcony.It is a freehold property"
"4 Bedroom House for sale in Kallayam, Trivandrum",https://www.99acres.com/4-bhk-bedroom-independent-house-villa-for-sale-in-kallayam-trivandrum-4356-sq-ft-spid-F75853661,8700000.0,4.0,7.208340175094208,2350.0,4356.0,19,"10 cent residential building with 4bhk attached,2350 sqft,nearby school, hospital,margin free market etc200 mtr away from kallayam junction"
"3 Bedroom House for sale in Shangumukham, Trivandrum",https://www.99acres.com/3-bhk-bedroom-independent-house-villa-for-sale-in-shangumukham-trivandrum-3049-sq-ft-spid-Q75733307,18500000.0,3.0,7.461917150372554,3000.0,3049.0,79,"Experience the perfect fusion of comfort and convenience with this exceptional property! Nestled in the heart of all saints, trivandrum, this home sits on a spacious 7-Cent plot, with 6 years old 3bhk house covering 3000 square feet."
"4 Bedroom House for sale in Manikanteswaram, Trivandrum",https://www.99acres.com/4-bhk-bedroom-independent-house-villa-for-sale-in-manikanteswaram-trivandrum-1956-sq-ft-spid-W75730451,15000000.0,4.0,3.061864006922669,1956.0,1722.0,44,"2 storied - 4 bhk villa, near manikanteswaram temple. Video available."
"3 Bedroom House for sale in Thirumala, Trivandrum",https://www.99acres.com/3-bhk-bedroom-independent-house-villa-for-sale-in-thirumala-trivandrum-1400-sq-ft-spid-T75700919,9700000.0,3.0,0.5601105459376933,1400.0,2614.0,84,House is constructed in main road in perkavu...It's has totally 6.05 cent house is constructed only 1400 sqft..Other side of area is can be used gardening or commercial purpose on your choose .97 lakhs is slightly negotiable.... Contact for more details and visiting the property ....All transport facilities is available.. Road sided house ... Nearby temple and church is here...Well facility available....
"3 Bedroom House for sale in MEDICAL COLLEGE, Trivandrum",https://www.99acres.com/3-bhk-bedroom-independent-house-villa-for-sale-in-trivandrum-1750-sq-ft-r4-spid-U58294022,12000000.0,3.0,0.35112268254152823,1750.0,1102.0,87,"An impeccable opportunity is here for those who are looking to rent aesthetically designed independent house in ulloor, trivandrum, kerala which ensures a relaxed and comfortable stay. Being an independent twin house it provides you a serene and tranquil environment with a modern setup. This house provides ample natural light and has good ventilation that invites comfort. Basic details: You will love this house is which is constructed on a built up area of 3130 sq. Ft. (1750 & 1380 sqft) and features 3 bedrooms, 3 bathrooms,living / dining, study room and a modular kitchen for each house unit. Ground floor can be used for commercial purpose as well. Furnishings and amenities: The house is a semi-Furnished unit and awaits your personal touch. It consists of exhaust fan, chimney and comes with basic facilities like lights, fans and bathroom fixtures. It has spacious interiors and 24*7 water facility. Apart from this, you will love the convenience of your own covered and open parking spots. The amenities include water storage, visitor parking and park. There is plenty of room for the whole family to enjoy. The property is a quality construction. Location: The property is close to all basic facilities. The prime location provides the residents with access to the very best. The house is situated in a family friendly neighborhood. Moreover, the property has great connectivity with other parts of the city. -Major banks and atms located within a close radius -Several schools located within proximity -Close to medical college -Located just 300 m from the main road -400 m away from medical college bus stand -Ulloor junction is 500 m away -National highway 47 at a distance of 500 m -Technopark near by -S. Thomas college near by -Easy access to public transport"
"3 Bedroom House for sale in Puliyarakonam, Trivandrum",https://www.99acres.com/3-bhk-bedroom-independent-house-villa-for-sale-in-puliyarakonam-trivandrum-1036-sq-ft-r5-spid-F38209571,5000000.0,3.0,2.875843421451115,1036.0,4356.0,76,Walkable distance from st marys school puliyarakkonam.Half kilometre from puliyarakonam junction.3kms from vattiyoorkavu.Price negotiable.
"3 Bedroom House for sale in Kattakkada, Trivandrum",https://www.99acres.com/3-bhk-bedroom-independent-house-villa-for-sale-in-kattakkada-trivandrum-3049-sq-ft-spid-K75564725,4100000.0,3.0,6.0620033979416945,1200.0,3049.0,30,"1200 sq feet, villa type, gated house in 7 cents of plot. Located in aamachal, 4 km from kattakkada town. All bedrooms, with built in rose wood cupboards. Villa type house and modern type kitchen. Owner abroad, very rarely used, for immediate sale. Rose wood annu door and windows 3 bedroom house and one attached bathroom and one common bathroom"
"4 Bedroom House for sale in Peyad, Trivandrum",https://www.99acres.com/4-bhk-bedroom-independent-house-villa-for-sale-in-peyad-trivandrum-2000-sq-ft-spid-X75506417,8800000.0,4.0,0.4739237437211241,1000.0,2000.0,68,"2bhk house located at300mtrs distance fromthachotkav junction, a villa project"
"3 Bedroom House for sale in Andoorkonam, Trivandrum",https://www.99acres.com/3-bhk-bedroom-independent-house-villa-for-sale-in-andoorkonam-trivandrum-1525-sq-ft-spid-M75387679,3000000.0,3.0,2.631604948510251,1100.0,1524.0,3,"3.50 cents of land with 1100sqft house at thiruvalloor jn, kaniyapuram. 3.50 km from kaniyapuram nh. Location details - Kaniyapuram - Pachira - Keezhavoor - Thiruvalloor jn (Way to vavarambalam). 6 years old building. Ready to move condition. 2 km from technocity."
"3 Bedroom House for sale in Mudavanmugal, Trivandrum",https://www.99acres.com/3-bhk-bedroom-independent-house-villa-for-sale-in-mudavanmugal-trivandrum-1200-sq-ft-spid-U75362629,9000000.0,3.0,8.578687405501407,1200.0,2178.0,50,"5 cents,1200 sqft., single storied house, 3bhk, red brick construction, 1 km from poojappura junction"
"4 Bedroom House for sale in Chittattumukku, Trivandrum",https://www.99acres.com/4-bhk-bedroom-independent-house-villa-for-sale-in-chittattumukku-trivandrum-1800-sq-ft-spid-M75351429,6000000.0,4.0,2.873129074392667,1800.0,3048.0,12,"Sale 7cent with 4bedroom all attached bathrooms, spacious living dining rooms, kitchen and outside toilet near st vincent high school chittattumukku. All are available nearby schools, market, hospitals, etc."
"2 Bedroom House for sale in Dhanuvachapuram, Trivandrum",https://www.99acres.com/2-bhk-bedroom-independent-house-villa-for-sale-in-dhanuvachapuram-trivandrum-4356-sq-ft-spid-B75121841,6000000.0,2.0,0.3960930324209603,1500.0,4356.0,13,"10cent with 1500sqft house and one shop near dhanuvachapuram. 200meter away from manchavilakom junction. 1.5km away from dhanuvachapuram railway station. 1km away from govt hospital. 250meter away from manchavilakom govt school and 1km away from dhanuvachapuram school,college and iti."
"3 Bedroom House for sale in Chempazhanthy, Trivandrum",https://www.99acres.com/3-bhk-bedroom-independent-house-villa-for-sale-in-chempazhanthy-trivandrum-1600-sq-ft-spid-A75081185,7500000.0,3.0,3.477086679527006,1600.0,1960.0,9,"House for sale near gandhipuram, 4.5 cent 1600 sqft."
"2 Bedroom House for sale in Nettayam, Trivandrum",https://www.99acres.com/2-bhk-bedroom-independent-house-villa-for-sale-in-nettayam-trivandrum-11-sq-ft-spid-J74113575,7500000.0,2.0,2.3955742501286297,600.0,4574.0,55,10.5 cents land 600sqrft home Calm and quite residential area in nettayam trivandrum
"5 Bedroom House for sale in Palkulangara, Trivandrum",https://www.99acres.com/5-bhk-bedroom-independent-house-villa-for-sale-in-palkulangara-trivandrum-1600-sq-ft-r1-spid-Y71900212,12000000.0,5.0,2.699092361698412,1600.0,2614.0,59,"House for selling. Only two year old. Only small car can be parked(Like alto,climber). Built with red bricks. 2.8 kms away from trivandrum international airport. 2.7 kms away from trivandrum central railway station 1.8 kms away from padmanabhaswamy temple. Total 6 cents"
"3 Bedroom House for sale in Pidaram, Trivandrum",https://www.99acres.com/3-bhk-bedroom-independent-house-villa-for-sale-in-pidaram-trivandrum-3049-sq-ft-spid-P73761359,5600000.0,3.0,6.612163333896998,1400.0,3049.0,69,"2 floor, 3bhk, east facing house (1400 sq ft)in 7cent. Hospital facility in 1.5 km. Super market, local market, petrol pump, schools all within 2 kms. Bus stop in 300 mtrs."
"4 Bedroom House for sale in tollmukku junction, Trivandrum",https://www.99acres.com/4-bhk-bedroom-independent-house-villa-for-sale-in-trivandrum-2250-sq-ft-spid-X73358423,8800000.0,4.0,0.40999661947923643,2250.0,4356.0,6,"2250 sqft,10 cent,4bhk house,4 bedroom with attached bathroom,750 m from tollmukku junction, 4 km from attinghal town,lorry site."
"2 Bedroom House for sale in Karyavattom, Trivandrum",https://www.99acres.com/2-bhk-bedroom-independent-house-villa-for-sale-in-karyavattom-trivandrum-1150-sq-ft-spid-M73182927,5500000.0,2.0,6.570719167425869,1150.0,2287.0,28,"Two stories house at mangattukonam, 3.5 km from karyavattom, 2 km from chenkottukonam, 1.5 km from st. Thomas public school. House in 5.25 cents fully constructed with redbrick and lorry access site"
"3 Bedroom House for sale in Gandhipuram, Trivandrum",https://www.99acres.com/3-bhk-bedroom-independent-house-villa-for-sale-in-gandhipuram-trivandrum-1675-sq-ft-spid-J72273536,8500000.0,3.0,0.45039545470667297,1675.0,2178.0,14,"3bhk house for sale @gandhipuram, sreekariyam. 5 cent and 1675 sq. Ft. New house with red bricks and guaranteed construction with water, electricity connections, water well facility as well. 2.5 km from sreekariyam. (Brokers excuse please)."
"3 Bedroom House for sale in Chirayinkeezhu, Trivandrum",https://www.99acres.com/3-bhk-bedroom-independent-house-villa-for-sale-in-chirayinkeezhu-trivandrum-4574-sq-ft-spid-A70062498,6800000.0,3.0,6.975314429775177,1550.0,4573.0,11,"We are proud owners of house/villa available for sale in chirayinkeezhu,anathalavattom trivandrum. Available at price of 68 lakhs. It has plot area of 10.5 cents with 1550 sq ft house. It has 3 bhk, 3 bathroom, 1 balcony.It is a freehold.Lake side and road side property.Near temple and railway station"
"4 Bedroom House for sale in Malayinkeezh, Trivandrum",https://www.99acres.com/4-bhk-bedroom-independent-house-villa-for-sale-in-malayinkeezh-trivandrum-3600-sq-ft-spid-W69800474,9500000.0,4.0,0.6281905570662941,2000.0,3600.0,42,"9 cent,2000sq.Feet building.6 plus car parking.Silent area.Plenty of water.Lorry access.Calm area.Best suited for residential purpose and for shooting serials etc.Fast developing area.Tvpm central 13.5km.Malyankeehu 2 km."
"3 Bedroom House for sale in Varkala, Trivandrum",https://www.99acres.com/3-bhk-bedroom-independent-house-villa-for-sale-in-varkala-trivandrum-2614-sq-ft-spid-Y67733846,5900000.0,3.0,7.798060713447919,1450.0,2613.0,15,House / flat in first floor for sale in varkala
"3 Bedroom House for sale in Parottukonam, Trivandrum",https://www.99acres.com/3-bhk-bedroom-independent-house-villa-for-sale-in-parottukonam-trivandrum-1300-sq-ft-r5-spid-R54492934,13000000.0,3.0,9.203907197622366,1300.0,2178.0,62,"5 cents land, roadside property with cellar floor house of 1000 sqft, for sale @ plot 21, tilak nagar, parottukonam. (Parattukonam to kariyam rd), trivandrum."
"4 Bedroom House for sale in Kakkamoola, Trivandrum",https://www.99acres.com/4-bhk-bedroom-independent-house-villa-for-sale-in-trivandrum-2000-sq-ft-r6-spid-R43410971,6800000.0,4.0,0.6419841867555133,2000.0,2613.0,17,"Independent home easily accessible quality construction, branded fittings & fixtures, ready to move in Constructed for own use selling as owner has settled elsewhere Vellayini fresh water lake is just about 500 meters from this property All amenities near by - School, hospital, market Pollution free location. The property is easily accessible from both kakkamoola jn and vellayini lake side road"
"3 Bedroom House for sale in Parottukonam, Trivandrum",https://www.99acres.com/3-bhk-bedroom-independent-house-villa-for-sale-in-parottukonam-trivandrum-1000-sq-ft-spid-P65497460,13000000.0,3.0,7.459654030253441,1000.0,2178.0,62,"5 cents land, roadside property with cellar floor house of 1000 sqft, for sale @ plot 21, tilak nagar, parottukonam. (Parattukonam to kariyam rd), trivandrum."
"3 Bedroom House for sale in Moongod, Trivandrum",https://www.99acres.com/3-bhk-bedroom-independent-house-villa-for-sale-in-trivandrum-4792-sq-ft-r2-spid-J59748108,4800000.0,3.0,9.418045256800331,1100.0,4791.0,49,"Sale of 11cent land with 3 bhk house of 1100 sq ft.. Built on chudu katta & floor is vitrified tile, ready to occupy. Contact for any query (Owner). House situvated at moongod to manali root, road side. Just 500 meter from moongod junction."
"4 Bedroom House for sale in Kazhakuttam, Trivandrum",https://www.99acres.com/4-bhk-bedroom-independent-house-villa-for-sale-in-kazhakuttam-trivandrum-2200-sq-ft-spid-T76791083,9000000.0,4.0,0.0,2200.0,2613.0,32,600m from mc road. 1 km from kinfra. 5 km from technopark.
"4 Bedroom House for sale in Vettamukku, Trivandrum",https://www.99acres.com/4-bhk-bedroom-independent-house-villa-for-sale-in-vettamukku-trivandrum-3000-sq-ft-spid-M76362011,26500000.0,4.0,0.5630557056459593,3000.0,5000.0,94,"Brand new posh house for sale in trivandrum Location - Vettamukku, Near ptp nagar Land area"
"4 Bedroom House for sale in Kazhakootam, Trivandrum",https://www.99acres.com/4-bhk-bedroom-independent-house-villa-for-sale-in-kazhakootam-trivandrum-2000-sq-ft-spid-W76916961,14800000.0,4.0,2.690037944880547,2000.0,4000.0,32,6.25 cent 2000 sqft 4 bhk house Red bricks house 500 meters from main road
"3 Bedroom House for sale in Kariavattom, Trivandrum",https://www.99acres.com/3-bhk-bedroom-independent-house-villa-for-sale-in-kariavattom-trivandrum-1835-sq-ft-spid-J76819845,8200000.0,3.0,0.5737789863899816,1835.0,2600.0,25,4.1 cent 1835 sqft 3 bhk house Wardrobes done in all bedroom 400 meters from pullanivila junction
"3 Bedroom House for sale in Kariavattom, Trivandrum",https://www.99acres.com/3-bhk-bedroom-independent-house-villa-for-sale-in-kariavattom-trivandrum-1742-sq-ft-spid-A76041169,8000000.0,3.0,0.59106153344391,1450.0,1742.0,25,"1450 sqft villas for sale in kariyavattom, chenkottukonam."
"4 Bedroom House for sale in Kazhakuttam, Trivandrum",https://www.99acres.com/4-bhk-bedroom-independent-house-villa-for-sale-in-kazhakuttam-trivandrum-5227-sq-ft-spid-Z76540097,16000000.0,4.0,6.85419786940809,2850.0,5227.0,32,2850sqft red brick house just 100m away from national highway.
"3 Bedroom House for sale in Kazhakootam, Trivandrum",https://www.99acres.com/3-bhk-bedroom-independent-house-villa-for-sale-in-kazhakootam-trivandrum-1950-sq-ft-r1-spid-E75619833,15500000.0,3.0,0.7110055117352714,1950.0,2613.0,32,"The perfect combination of comfort and style, specifically designed to suit your requirements and conveniences in 6 cents of land. This eco-Friendly villa is just a stones throw away from all the urban conveniences."
"3 Bedroom House for sale in Menamkulam, Trivandrum",https://www.99acres.com/3-bhk-bedroom-independent-house-villa-for-sale-in-menamkulam-trivandrum-1830-sq-ft-spid-O76290525,7500000.0,3.0,0.6592304315711673,1400.0,1829.0,48,"4.2 cents with 1400sqft house for sale in menamkulam,kazhakootom."
"3 Bedroom House for sale in Mangalapuram, Trivandrum",https://www.99acres.com/3-bhk-bedroom-independent-house-villa-for-sale-in-icloudhomes-under-the-blue-sky-mangalapuram-trivandrum-1750-sq-ft-spid-S77096437,17900000.0,3.0,3.377621137616007,1750.0,1850.0,43,"Villa for sale near technopark Land area : 4.24 cent 3 bhk, 1750 sqft Fully furnished"
"4 Bedroom House for sale in Chanthavila, Trivandrum",https://www.99acres.com/4-bhk-bedroom-independent-house-villa-for-sale-in-chanthavila-trivandrum-1850-sq-ft-spid-S76864853,8500000.0,4.0,0.4500089866092579,1850.0,1960.0,8,This property is situated very close to chanthavila kinfra it park with a walking distance of 1 km. 4kms to technopark. 4.5 cents of land 1850sqft house with 4 bedrooms attached. Borewell water. In a residential area. Neighborhood already occupied. Price is negotiable.
"4 Bedroom House for sale in Mannanthala, Trivandrum",https://www.99acres.com/4-bhk-bedroom-independent-house-villa-for-sale-in-mannanthala-trivandrum-2100-sq-ft-spid-I76498669,13500000.0,4.0,0.6566117203891525,2100.0,1742.0,45,Architect designed posh new house for sale. St thomas school is on walkable distance only. Hardly 100 mtrs from the main road as well as bus route. Completely red bricks construction.All electric and sanitary fittings pertaining to branded companies only.4 cents square land. Appx 2100 sq fts.Two storeyed beautiful house.Four bed rooms ( All att) and a beautiful home theatre.
"3 Bedroom House for sale in Thachottukavu, Trivandrum",https://www.99acres.com/3-bhk-bedroom-independent-house-villa-for-sale-in-thachottukavu-trivandrum-1400-sq-ft-spid-D77041661,4200000.0,3.0,0.46118214629090437,1400.0,1740.0,82,"This project is located at moongodu, near thachottukavu."
"3 Bedroom House for sale in Mannanthala, Trivandrum",https://www.99acres.com/3-bhk-bedroom-independent-house-villa-for-sale-in-mannanthala-trivandrum-1960-sq-ft-spid-M77041463,9000000.0,3.0,0.0,1600.0,1960.0,5,"It is an independent house located in an good residential area near aruviyode, mannanthala. The house is under construction now and will be ready by 2025 january."
"3 Bedroom House for sale in Kazhakootam, Trivandrum",https://www.99acres.com/3-bhk-bedroom-independent-house-villa-for-sale-in-kazhakootam-trivandrum-5-sq-ft-spid-G76517109,9600000.0,3.0,0.3514403281122533,2200.0,2222.0,32,3 bhk 2200 sqft villa 5.1 cents Semi furnished
"5 Bedroom House for sale in Pothencode, Trivandrum",https://www.99acres.com/5-bhk-bedroom-independent-house-villa-for-sale-in-pothencode-trivandrum-2500-sq-ft-spid-S76288301,10000000.0,5.0,0.4555180624990154,2500.0,2744.0,71,"6 .3 cent 2500 sqft villa Pothencode and kattaikonam Ready to move We have 20 villas for sale in kattaikonam And chenkottukonam ,pothencode and chanthavila"
"4 Bedroom House for sale in Pothencode, Trivandrum",https://www.99acres.com/4-bhk-bedroom-independent-house-villa-for-sale-in-pothencode-trivandrum-2100-sq-ft-spid-E77102389,7500000.0,4.0,0.5236118873290657,2100.0,4000.0,71,5.350 cent 2100 sqft 4 bedroom 12 x 13 ft bedroom 16 x 12 ft living room 4 bathroom 2 car parking West facing 200 meters from main road
"4 Bedroom House for sale in Pothencode, Trivandrum",https://www.99acres.com/4-bhk-bedroom-independent-house-villa-for-sale-in-pothencode-trivandrum-1800-sq-ft-spid-C77102381,7000000.0,4.0,0.38758376199543026,1800.0,3000.0,71,5 cent 1800 sqft 4 bedroom 12 x 13 ft bedroom 16 x 12 ft living room 4 bathroom 3 car parking East facing Smart switches 100 meters from main road
"4 Bedroom House for sale in Pothencode, Trivandrum",https://www.99acres.com/4-bhk-bedroom-independent-house-villa-for-sale-in-pothencode-trivandrum-1900-sq-ft-spid-X77102367,7500000.0,4.0,0.6202648204820977,1900.0,4500.0,71,5.5 cent 1900 sqft 4 bedroom 12 x 13 ft bedroom 16 x 12 ft living room 4 bathroom 3 car parking East facing Smart switches 100 meters from main road
"3 Bedroom House for sale in Pothencode, Trivandrum",https://www.99acres.com/3-bhk-bedroom-independent-house-villa-for-sale-in-pothencode-trivandrum-1520-sq-ft-r1-spid-H75618725,6000000.0,3.0,0.5675396163291022,1520.0,6000.0,71,5.75 cent 1519 sqft 3 bhk Modular kitchen 3 bathroom Well water 400 meters from main road 10 kms from technopark 5 kms from technocity Location : Pothencode Price : 60 lakhs
"4 Bedroom House for sale in Chanthavila, Trivandrum",https://www.99acres.com/4-bhk-bedroom-independent-house-villa-for-sale-in-chanthavila-trivandrum-1700-sq-ft-r2-spid-E74036243,8500000.0,4.0,0.5693429752224588,1700.0,2500.0,8,4.25 cent 1700 sqft 4 bhk Modular kitchen 4 bathroom Well water 600 meters from main road Location : Chanthavila
"3 Bedroom House for sale in Chanthavila, Trivandrum",https://www.99acres.com/3-bhk-bedroom-independent-house-villa-for-sale-in-chanthavila-trivandrum-1800-sq-ft-r1-spid-K75769483,8800000.0,3.0,0.5924108590422199,1800.0,2500.0,8,5 cent 1800 sqft 3 bhk Open well Sanitary items are fully jaquar Foundation done in pillar and beam All branded materials used 200 meters from chanthavila bypass main very near to st thomas school and college 350 meters from bus stop
"4 Bedroom House for sale in Chanthavila, Trivandrum",https://www.99acres.com/4-bhk-bedroom-independent-house-villa-for-sale-in-chanthavila-trivandrum-1500-sq-ft-r1-spid-V75711211,6800000.0,4.0,0.5559941168706026,1500.0,2200.0,8,3.9 cent 1500 sqft 4 bhk 12 x 11 feet bedrooms 4 bathroom Semi furnished Modular kitchen Well water 300 km meters from main road
"4 Bedroom House for sale in Kattaikonam, Trivandrum",https://www.99acres.com/4-bhk-bedroom-independent-house-villa-for-sale-in-kattaikonam-trivandrum-2000-sq-ft-r1-spid-Q75945195,8600000.0,4.0,0.37542220999667986,2000.0,5500.0,29,5.5 cent 2000 sqft 4 bedroom Red bricks house 2 car parking East facing 12 x 13 feet bedrooms 400 meters from the main road
"5 Bedroom House for sale in Vazhuthacaud, Trivandrum",https://www.99acres.com/5-bhk-bedroom-independent-house-villa-for-sale-in-vazhuthacaud-trivandrum-4300-sq-ft-r1-spid-U75842725,45000000.0,5.0,0.4787453825327789,4300.0,6500.0,91,10 cent 4300 sqft 5 bhk Redbrick house New house
"3 Bedroom House for sale in Pothencode, Trivandrum",https://www.99acres.com/3-bhk-bedroom-independent-house-villa-for-sale-in-pothencode-trivandrum-1600-sq-ft-r1-spid-H75629493,6900000.0,3.0,0.6302739742872491,1600.0,2500.0,71,4.1 cent 1600 sqft 3 bedroom 2 car parking East facing
"3 Bedroom House for sale in Chenkottukonam, Trivandrum",https://www.99acres.com/3-bhk-bedroom-independent-house-villa-for-sale-in-chenkottukonam-trivandrum-1400-sq-ft-r1-spid-J75752271,7500000.0,3.0,0.4367892233312032,1400.0,2200.0,10,3.25 cent 1400 sqft 3 bhk Column pillar construction Team wood used with mrf polish 12 x 11 feet bedrooms 3 bathroom Semi furnished Jaguar sanitary ware used Kwa water available 600 meters from main road
"4 Bedroom House for sale in Kattaikonam, Trivandrum",https://www.99acres.com/4-bhk-bedroom-independent-house-villa-for-sale-in-kattaikonam-trivandrum-1750-sq-ft-r1-spid-C75945377,8000000.0,4.0,0.4907568946408723,1750.0,4500.0,29,4.5 cent 1750 sqft 4 bedroom 2 car parking East facing 12 x 11 feet bedrooms 400 meters from the main road
"3 Bedroom House for sale in Kariavattom, Trivandrum",https://www.99acres.com/3-bhk-bedroom-independent-house-villa-for-sale-in-kariavattom-trivandrum-1900-sq-ft-r1-spid-E75974983,8000000.0,3.0,0.5488181104404775,1900.0,2500.0,25,4.5 cent 1900 sqft 3 bhk house Wardrobes done in all bedroom 300 meters from main road
"3 Bedroom House for sale in Pothencode, Trivandrum",https://www.99acres.com/3-bhk-bedroom-independent-house-villa-for-sale-in-pothencode-trivandrum-1450-sq-ft-spid-R76981497,5700000.0,3.0,0.481785603788992,1450.0,2500.0,71,4.6 cent 1450 sqft 3 bhk 800 meters from main road. Modular kitchen done. Car porch available. 4 kms from technocity. 12 kms from technopark. Easy access to main road. All branded materials used for construction. Already families living nearby. Private compound with more than 10 villas already constructed and families living.
"3 Bedroom House for sale in Vattiyoorkavu, Trivandrum",https://www.99acres.com/3-bhk-bedroom-independent-house-villa-for-sale-in-vattiyoorkavu-trivandrum-1960-sq-ft-spid-E77001315,7300000.0,3.0,0.4157480794568591,1600.0,1960.0,89,Vattiyoorkkavu vellaikkadavu 4.5 cents 1600sqf 3 bhk 2 car parking new house at 73 lakhs only
"4 Bedroom House for sale in Vattiyoorkavu, Trivandrum",https://www.99acres.com/4-bhk-bedroom-independent-house-villa-for-sale-in-vattiyoorkavu-trivandrum-2505-sq-ft-spid-U76914303,11000000.0,4.0,3.1722359751452465,2000.0,2504.0,89,Vattiyoorkavu 5.75 cents 2000 sqf 4 bhk all attached 2 kitchen 2 work area used for two separate family or single 3 years old house with 3 car parking at 110 lakhs only
"5 Bedroom House for sale in Pettah, Trivandrum",https://www.99acres.com/5-bhk-bedroom-independent-house-villa-for-sale-in-pettah-trivandrum-3136-sq-ft-spid-U76735725,18500000.0,5.0,7.000302920585271,2780.0,3136.0,67,"Pettah palkulangara 2 storey building in 7.2 cents,construction completed in 2014.Ground floor 3bhk, 1st floor 2bhk,tiled floors,area 2780 sq.Ft.Pipeline gas in both floors.Car porch,sun roof at 1.85 crore."
"3 Bedroom House for sale in Vattiyoorkkavu, Trivandrum",https://www.99acres.com/3-bhk-bedroom-independent-house-villa-for-sale-in-trivandrum-2178-sq-ft-spid-F76735639,8500000.0,3.0,0.546415765418623,1650.0,2178.0,89,Vattiyoorkkavu kulasekharam 5 cent 1650 sqf 3 bhk 4 years old house at 85 lakhs only
"3 Bedroom House for sale in Vattiyoorkkavu, Trivandrum",https://www.99acres.com/3-bhk-bedroom-independent-house-villa-for-sale-in-trivandrum-1960-sq-ft-spid-V76735565,8500000.0,3.0,0.4933877650773775,1700.0,1960.0,89,Vattiyoorkkavu munnamude 4.5 cents 1700 sqf 3 bhk new house at 85 lakhs only
"4 Bedroom House for sale in Vattiyoorkavu, Trivandrum",https://www.99acres.com/4-bhk-bedroom-independent-house-villa-for-sale-in-vattiyoorkavu-trivandrum-2100-sq-ft-spid-L76047401,8600000.0,4.0,7.76484848737079,2100.0,2287.0,89,Property just opposite to polytechnic Form main road 450 meter 7 years old Redbrick 4 rooms 3 bedroom attached 1 study room 2100 sqft 5.25 cents 86 lakhs slightly negotiable
"5 Bedroom House for sale in Peroorkada, Trivandrum",https://www.99acres.com/5-bhk-bedroom-independent-house-villa-for-sale-in-peroorkada-trivandrum-3920-sq-ft-spid-U76222835,26500000.0,5.0,3.1360323159506787,4000.0,3920.0,66,Peroorkada 9 cent 4000 sqf 5 bhk all attached posh house with 5 or more big car parking posh house at 265 lakhs only
"3 Bedroom House for sale in Vazhayila, Trivandrum",https://www.99acres.com/3-bhk-bedroom-independent-house-villa-for-sale-in-vazhayila-trivandrum-1800-sq-ft-spid-W77095331,4700000.0,3.0,3.485116312073697,1800.0,1526.0,90,Id-S 207567 residential 3 cent land with 1400 sqft 3 bhk 3 bath attached house for sale at mannanthala . 350 mtr from main road. The price expected is rs.47 lac . Kindly note id number for further discussion home loans available interested genuine parties may please call deeraa properties for more details and site visit.
"3 Bedroom House for sale in Maruthoor, Trivandrum",https://www.99acres.com/3-bhk-bedroom-independent-house-villa-for-sale-in-maruthoor-trivandrum-2000-sq-ft-spid-E77081681,10500000.0,3.0,0.600910770566105,2000.0,2071.0,47,Id-K 211235 villa 4.75 cent land with 1850 sqft 3bhk 3bath attached for sale at mannanthala maruthoor road .400 mtr from main road. The price expected is rs 1.05 cr . Kindly note id number for further discussion home loans available interested genuine parties may please call deeraa properties for more details and site visit.
"3 Bedroom House for sale in Parottukonam, Trivandrum",https://www.99acres.com/3-bhk-bedroom-independent-house-villa-for-sale-in-parottukonam-trivandrum-2500-sq-ft-spid-Q77009897,10500000.0,3.0,7.595825131922706,2500.0,2071.0,62,Id-K 210803 fully furnished 3 bhk 3 bath attached 2000 sqft house for sale at parottukonam .The price expected is rs 1.05 cr. Kindly note id number for further discussion home loans available interested genuine parties may please call deeraa properties for more details and site visit.
"3 Bedroom House for sale in Mukkola, Trivandrum",https://www.99acres.com/3-bhk-bedroom-independent-house-villa-for-sale-in-mukkola-trivandrum-1307-sq-ft-spid-C76553899,7000000.0,3.0,3.3449170601494314,1400.0,1306.0,51,Id-K202235 residential 3 cent land with 1400 sqft 3 bhk 3 bath attached house for sale at mukkola st thomas school 400 mtr from main road. Lorry site .The price expected is rs 70 lac . Kindly note id number for further discussion home loans available interested genuine parties may please call deeraa properties for more details and site visit.
"4 Bedroom House for sale in Paruthippara, Trivandrum",https://www.99acres.com/4-bhk-bedroom-independent-house-villa-for-sale-in-paruthippara-trivandrum-2178-sq-ft-spid-D76551751,13000000.0,4.0,0.6270932730511156,2250.0,2396.0,63,Id-K199760 brand new 5.5 cent 2250 sqft 4 bhk 4 bath attached house for sale at paruthipara pananvila. The price expected is rs. 1 30 cr . Kindly note id number for further discussion home loans available interested genuine parties may please call deeraa properties for more details and site.
"3 Bedroom House for sale in Kuravankonam, Trivandrum",https://www.99acres.com/3-bhk-bedroom-independent-house-villa-for-sale-in-kuravankonam-trivandrum-1307-sq-ft-spid-D76550047,9200000.0,3.0,0.37371583014169313,1600.0,1306.0,41,Id-S209214 brand new 1600 sqft 3 bhk 3 bath attached house for sale at kuravankonam . The price expected is rs. 92 lac.Mini lorry site . Kindly note id number for further discussion home loans available interested genuine parties may please call deeraa properties for more details and site.
"4 Bedroom House for sale in Mukkola, Trivandrum",https://www.99acres.com/4-bhk-bedroom-independent-house-villa-for-sale-in-mukkola-trivandrum-1742-sq-ft-spid-P76513605,13500000.0,4.0,0.516012692984013,1200.0,1742.0,51,Id-K209402 brand new 1200sqft 4 bhk 4 bath attached house for sale at mukkola st thomas school .The price expected is rs.1.35 cr. Kindly note id number for further discussion home loans available interested genuine parties may please call deeraa properties for more details and site.
"3 Bedroom House for sale in Mukkola, Trivandrum",https://www.99acres.com/3-bhk-bedroom-independent-house-villa-for-sale-in-mukkola-trivandrum-1307-sq-ft-spid-T76235303,10000000.0,3.0,2.7849076648334306,1400.0,1524.0,46,Id-K208347 residential 3.5 cent land with 1400 sqft 3 bhk 3 bath attached house for sale at mukkola st thomas. 350 mtr from main road. The price expected is rs 1. Cr . Kindly note id number for further discussion home loans available interested genuine parties may please call deeraa properties for more details and site visit.
"4 Bedroom House for sale in Chanthavila, Trivandrum",https://www.99acres.com/4-bhk-bedroom-independent-house-villa-for-sale-in-chanthavila-trivandrum-2200-sq-ft-spid-S76917259,9500000.0,4.0,0.355348712716263,2200.0,4000.0,8,6 cent 2200 sqft 3 bhk house Wardrobes done in all bedroom 300 meters from main road
"3 Bedroom House for sale in Kariavattom, Trivandrum",https://www.99acres.com/3-bhk-bedroom-independent-house-villa-for-sale-in-kariavattom-trivandrum-1650-sq-ft-spid-F76819835,7500000.0,3.0,0.6566574929581749,1650.0,2500.0,25,4 cent 1650 sqft 3 bhk house Wardrobes done in all bedroom 400 meters from pullanivila junction
"4 Bedroom House for sale in Mannanthala, Trivandrum",https://www.99acres.com/4-bhk-bedroom-independent-house-villa-for-sale-in-mannanthala-trivandrum-3350-sq-ft-spid-F76379341,17500000.0,4.0,4.056281471164198,3350.0,3488.0,45,Id-K209111 furnished 8 cent land with 3300 sqft 4 bhk 2 bed ac 4 bath attached house for sale at mannanthala . East facing lorry site . 350 mtr from main road. The price expected is rs 1.75 cr . Kindly note id number for further discussion home loans available interested genuine parties may please call deeraa properties for more details and site visit.
"3 Bedroom House for sale in Punnakkamughal, Trivandrum",https://www.99acres.com/3-bhk-bedroom-independent-house-villa-for-sale-in-punnakkamughal-trivandrum-1307-sq-ft-spid-P76468959,6000000.0,3.0,0.5791281778116684,1350.0,1306.0,77,Id-Km208923 brand new 1350 sqft 3 bhk 3 bath attached house for sale at vijayamohini mill punnakkamugal . The price expected is rs. 60 lac . Kindly note id number for further discussion home loans available interested genuine parties may please call deeraa properties for more details and site.
"3 Bedroom House for sale in Nalanchira, Trivandrum",https://www.99acres.com/3-bhk-bedroom-independent-house-villa-for-sale-in-nalanchira-trivandrum-1744-sq-ft-spid-C77049753,9000000.0,3.0,2.458146009659107,1600.0,1744.0,53,Id-K206598 residential 4 cent land with 1600 sqft 3 bhk 3 bath attached house for sale at nalanchira .The price expected is rs 90 lac .Kindly note id number for further discussion home loans available interested genuine parties may please call deeraa properties for more details and site visit
"4 Bedroom House for sale in Pattom, Trivandrum",https://www.99acres.com/4-bhk-bedroom-independent-house-villa-for-sale-in-pattom-trivandrum-2614-sq-ft-spid-H76632679,12000000.0,4.0,0.5226706199339832,2300.0,2613.0,64,"Brand new house for sale at muttada near pattom, trivandrum. 5.500 cents land and 2300 sqft premium quality house with 3 car parking. 1.20 cr negotiable"
"5 Bedroom House for sale in Peringammala, Trivandrum",https://www.99acres.com/5-bhk-bedroom-independent-house-villa-for-sale-in-peringammala-trivandrum-2000-sq-ft-spid-J76959557,6800000.0,5.0,3.18804353543264,2000.0,3049.0,65,Urgent sale price is negotiable Can park upto 3 car Peirngammala junction only 300 m
"2 Bedroom House for sale in Kazhakootam, Trivandrum",https://www.99acres.com/2-bhk-bedroom-independent-house-villa-for-sale-in-kazhakootam-trivandrum-1700-sq-ft-spid-C76898613,8200000.0,2.0,0.4307443154476225,1700.0,1742.0,32,"East facing luxury contemporary 1700 sq ft house just 150 meters from highway Powerful red brick construction 4 cent High residential area Top / good quality materials used Wood used : Teak and plavu Attractive interior designing Good engineering works Two car parking space Price : Rs. 82,00,000/- (Negotiable)"
"4 Bedroom House for sale in Vattiyoorkavu, Trivandrum",https://www.99acres.com/4-bhk-bedroom-independent-house-villa-for-sale-in-vattiyoorkavu-trivandrum-2350-sq-ft-spid-B76807433,15000000.0,4.0,10.0,2350.0,2787.0,89,Sparingly used house..In condition as new..Very close to all required amenities. Good locality residential area.
"3 Bedroom House for sale in Menamkulam, Trivandrum",https://www.99acres.com/3-bhk-bedroom-independent-house-villa-for-sale-in-menamkulam-trivandrum-2178-sq-ft-spid-B76795307,6000000.0,3.0,0.59748727117293,1700.0,2178.0,48,"3 bhk new independent house/villa for sale in menamkulam, trivandrum"
"2 Bedroom House for sale in Malayinkeezh, Trivandrum",https://www.99acres.com/2-bhk-bedroom-independent-house-villa-for-sale-in-malayinkeezh-trivandrum-850-sq-ft-spid-W76785265,3000000.0,2.0,3.0338124591950617,850.0,1306.0,42,"Malayinkeezh, 3 , kwa Biogas available"
"4 Bedroom House for sale in Poojappura, Trivandrum",https://www.99acres.com/4-bhk-bedroom-independent-house-villa-for-sale-in-poojappura-trivandrum-3158-sq-ft-spid-C76784759,15000000.0,4.0,8.781163344087862,2900.0,3158.0,70,Poojappura 300 mts from main road 7.25 cent 2900sqf 4 bhk all attached 12 years old posh house with 3 carparking at 150 lakhs only
"3 Bedroom House for sale in Kowdiar, Trivandrum",https://www.99acres.com/3-bhk-bedroom-independent-house-villa-for-sale-in-kowdiar-trivandrum-1851-sq-ft-spid-K76735875,6000000.0,3.0,2.6006884013114338,1600.0,1851.0,38,Kowdiar 300 meters 2-Wheeler access 4.25 cents 1600 sqf 3 bhk all attached house at 60 lakhs only
"3 Bedroom House for sale in Kazhakootam, Trivandrum",https://www.99acres.com/3-bhk-bedroom-independent-house-villa-for-sale-in-kazhakootam-trivandrum-1700-sq-ft-spid-E76729081,7500000.0,3.0,0.6808994712369609,1700.0,1742.0,32,"The property comes with 4 cents and 1700 sqft Semi furnished 250 m from main road Walkable distances to schools,colleges,hospitals,markets... Price-75 lakhs(Negotiable"
"4 Bedroom House for sale in Kazhakuttam, Trivandrum",https://www.99acres.com/4-bhk-bedroom-independent-house-villa-for-sale-in-kazhakuttam-trivandrum-2200-sq-ft-spid-W76718517,9700000.0,4.0,0.5076400340288809,2200.0,2178.0,32,"5 cent,2200 sq, 4 bhk, work area available in both floors, well water, 2 car parking space, posh residential area,modular kitchen, near schools, hospitals, banks, just 250 m from mc road."
"2 Bedroom House for sale in Kulathoor, Trivandrum",https://www.99acres.com/2-bhk-bedroom-independent-house-villa-for-sale-in-kulathoor-trivandrum-1218-sq-ft-spid-K76705681,1911000.0,2.0,2.6446484565876998,1218.0,2174.0,39,"Planning to buy an individual house in trivandrum. Then you should definitely check out this 2 bhk house for sale in kulathoor, a well-Planned and well-Connected locality in trivandrum. Containing 2 bedrooms, 2 bathrooms and 1 balcony, this independent house is spread over a super built up area of 2174 sq.Ft. This 2 bhk house comes attached with 1 open parking for your vehicle(s). This 1-5 years old property is available for immediate possession as the house is ready to move. It is a freehold property. The price of this spacious independent house is 19.11 lac."
"5 Bedroom House for sale in Karakulam, Trivandrum",https://www.99acres.com/5-bhk-bedroom-independent-house-villa-for-sale-in-karakulam-trivandrum-2000-sq-ft-spid-Q76626949,7500000.0,5.0,0.6062012113368344,1800.0,2000.0,23,"Red brick house, karakulam eanikkara thiruvananthapuram. 10kmr from tvm railway station 15kmr from air port"
"3 Bedroom House for sale in Kazhakootam, Trivandrum",https://www.99acres.com/3-bhk-bedroom-independent-house-villa-for-sale-in-kazhakootam-trivandrum-740520-sq-ft-spid-P76568181,7500000.0,3.0,0.5685496409636857,1700.0,1633.0,32,"3bhk, 1700 sqft , near st thomas college chanthavila"
"5 Bedroom House for sale in Kowdiar, Trivandrum",https://www.99acres.com/5-bhk-bedroom-independent-house-villa-for-sale-in-kowdiar-trivandrum-3000-sq-ft-spid-P76563885,27000000.0,5.0,0.45250630266722003,3000.0,2613.0,38,"Plot area: 6 cents 5 bed with attached bathrooms Work area Servant toilet Car parking (3 cars) Other amenities: Cctv, remote controlled gate, bio gas (Price all-Inclusive) Location is 400m from ambalamukku jn. Easy access to schools, hospitals, bus stops and supermarkets"
"3 Bedroom House for sale in Peroorkada, Trivandrum",https://www.99acres.com/3-bhk-bedroom-independent-house-villa-for-sale-in-anugraha-peroorkada-trivandrum-1750-sq-ft-spid-B76559885,9500000.0,3.0,0.5956339788068028,1750.0,2000.0,4,Peroorkada Near vazhayila 4 cent 1750 sqft 3 bhk 2 car parking Wide road frontage 247 water connection 3 phase connection Asking price 95 lakh Price negotiable. Brokers please excuses.
"2 Bedroom House for sale in Mukkola, Trivandrum",https://www.99acres.com/2-bhk-bedroom-independent-house-villa-for-sale-in-mukkola-trivandrum-3485-sq-ft-spid-N76511957,7000000.0,2.0,7.874626004571674,1300.0,3484.0,51,Id-K208692 8 cent land with 1300 sqft 2 bhk 2 bath attached house for sale at mukkola maruthoor road 200 mtr from main road 1km from mukkola jn. The price expected is rs 70 lac . Kindly note id number for further discussion home loans available interested genuine parties may please call deeraa properties for more details and site visit.
"3 Bedroom House for sale in Thirumala, Trivandrum",https://www.99acres.com/3-bhk-bedroom-independent-house-villa-for-sale-in-thirumala-trivandrum-1307-sq-ft-spid-V76486581,6500000.0,3.0,3.233194078155136,1710.0,1524.0,84,Id-Km209036 newl 3.5 cent land with 1710 sqft 3 bhk 3 bath attached house for sale at kundamankadavu . East facing mini lorry site . The price expected is rs 65 lac . Kindly note id number for further discussion home loans available interested genuine parties may please call deeraa properties for more details and site visit.
"3 Bedroom House for sale in Kazhakootam, Trivandrum",https://www.99acres.com/3-bhk-bedroom-independent-house-villa-for-sale-in-kazhakootam-trivandrum-1800-sq-ft-spid-N76479715,11000000.0,3.0,0.0,1800.0,2178.0,32,5 cent 1800 sqft 3 bhk And 5 cent 2000 sqft and 2250 sqft 4 bhk villas Prime location
"3 Bedroom House for sale in Nemom, Trivandrum",https://www.99acres.com/3-bhk-bedroom-independent-house-villa-for-sale-in-nemom-trivandrum-900-sq-ft-spid-X76410829,5200000.0,3.0,7.203453435261505,900.0,1000.0,54,"This 3 bhk house for sale in nemom, a well planned locality in trivandrum, is ideal for a family that is looking for complete peace of mind. The property's proximity to landmarks like close to school, close to hospital and close to market makes it ideal property for families. The house has over super built up area of 1000 sq.Ft. And comes with 3 bedrooms, 3 bathrooms . Being a ready to move house, you can expect immediate possession of this 5-10 years old property. The nature of ownership of this independent house is freehold. The property is available for sale at a competitive price of 52 lac. All the modern amenities such as park will make life easier for you. Municipal corporation provides a regular supply of water to this residential house. The residential house is east-Facing. The floor of this independent house is beautifully designed using ceramic flooring, giving it an alluring look."
"3 Bedroom House for sale in Sreekariyam, Trivandrum",https://www.99acres.com/3-bhk-bedroom-independent-house-villa-for-sale-in-sreekariyam-trivandrum-1742-sq-ft-r1-spid-J73878681,7200000.0,3.0,8.320358803472029,1690.0,1742.0,80,Location: Chempazhanthy Land area: 4 cents Built-Up area: 1690 square feet Three spacious bedrooms with attached bathrooms Redbrick and river sand construction West-Facing property Seven-Year-Old well-Maintained house Located in the corporation area with easy access to amenities
"3 Bedroom House for sale in Chanthavila, Trivandrum",https://www.99acres.com/3-bhk-bedroom-independent-house-villa-for-sale-in-chanthavila-trivandrum-696960-sq-ft-spid-M76316937,6800000.0,3.0,0.5955175807523126,1600.0,1742.0,8,"This newly constructed 3bhk house is available for sale in chanthavilla , trivandrum . The property is located near kazhakuttom just 300m from bypass road in a corporation road ."
"4 Bedroom House for sale in Kazhakootam, Trivandrum",https://www.99acres.com/4-bhk-bedroom-independent-house-villa-for-sale-in-kazhakootam-trivandrum-2200-sq-ft-spid-B76316417,9800000.0,4.0,0.5740702273064854,2200.0,2178.0,32,"5 mins drive from technopark back gate.1km away from junction luxury designed. Quality materials used , 3 car parking . Jaquar fittings used for all bathroom."
"3 Bedroom House for sale in Technopark Campus, Trivandrum",https://www.99acres.com/3-bhk-bedroom-independent-house-villa-for-sale-in-technopark-campus-trivandrum-1400-sq-ft-spid-K76232111,5500000.0,3.0,0.5522331306893596,1400.0,1742.0,32,Situated near technopark phase 4
"4 Bedroom House for sale in Thirumala, Trivandrum",https://www.99acres.com/4-bhk-bedroom-independent-house-villa-for-sale-in-thirumala-trivandrum-1742-sq-ft-spid-J76223297,8700000.0,4.0,0.496312757017036,2100.0,1742.0,84,Thirumala valiiyavila 4 cent 2100 sqf 4 bhk all attached with car parking at 87 lakhs only
"4 Bedroom House for sale in Chanthavila, Trivandrum",https://www.99acres.com/4-bhk-bedroom-independent-house-villa-for-sale-in-chanthavila-trivandrum-1500-sq-ft-spid-G76190761,6000000.0,3.0,0.5228093738220749,1100.0,1306.0,8,"3 vilas available, m away from chandavila bypass road."
"4 Bedroom House for sale in Chanthavila, Trivandrum",https://www.99acres.com/4-bhk-bedroom-independent-house-villa-for-sale-in-chanthavila-trivandrum-1500-sq-ft-spid-G76190761,6600000.0,4.0,0.6202161018233441,1300.0,1633.0,8,"3 vilas available, m away from chandavila bypass road."
"4 Bedroom House for sale in Chanthavila, Trivandrum",https://www.99acres.com/4-bhk-bedroom-independent-house-villa-for-sale-in-chanthavila-trivandrum-1500-sq-ft-spid-G76190761,6900000.0,4.0,0.36194094077187733,1500.0,1742.0,8,"3 vilas available, m away from chandavila bypass road."
"4 Bedroom House for sale in Karakulam, Trivandrum",https://www.99acres.com/4-bhk-bedroom-independent-house-villa-for-sale-in-karakulam-trivandrum-1950-sq-ft-spid-N76175669,7300000.0,4.0,0.3902254472852674,1950.0,3484.0,23,"Very new 2 floor house for sale at azhicode, trivandrum"
"2 Bedroom House for sale in Pothencode, Trivandrum",https://www.99acres.com/2-bhk-bedroom-independent-house-villa-for-sale-in-favourite-the-petals-pothencode-trivandrum-1000-sq-ft-spid-W76157513,3700000.0,2.0,3.093913485348144,1000.0,2178.0,71,2bhk house for sale 5 cent kajampara koliyacode 600m away from kazhakootam bypass
"3 Bedroom House for sale in Nettayam, Trivandrum",https://www.99acres.com/3-bhk-bedroom-independent-house-villa-for-sale-in-nettayam-trivandrum-2250-sq-ft-spid-I76126131,7500000.0,3.0,0.7748863394517105,2250.0,2200.0,55,Id- S207422 residential 4.17 cent land with 2200sqft 3 bhk 3 bath attached house for sale in nettayam cpt . The price expected is rs75lac . Kindly note id number for further discussion home loans available interested genuine parties may please call deeraa properties for more details and site visit.)
"3 Bedroom House for sale in Kesavadasapuram, Trivandrum",https://www.99acres.com/3-bhk-bedroom-independent-house-villa-for-sale-in-kesavadasapuram-trivandrum-1416-sq-ft-spid-Y76117799,7900000.0,3.0,0.43906124124346907,1750.0,1415.0,33,"Brand new 3bhk 1750 sqft house for sale parotukonam near kesavadasapuram, trivandrum. Price-79 lakhs"
"2 Bedroom House for sale in Kaniyapuram, Trivandrum",https://www.99acres.com/2-bhk-bedroom-independent-house-villa-for-sale-in-kaniyapuram-trivandrum-825-sq-ft-spid-N76108047,3300000.0,2.0,0.4965308959529976,825.0,1800.0,21,2.80 cent 2 bhk 800 sqft
"3 Bedroom House for sale in Vattiyoorkavu, Trivandrum",https://www.99acres.com/3-bhk-bedroom-independent-house-villa-for-sale-in-vattiyoorkavu-trivandrum-1000-sq-ft-r2-spid-A73633753,3800000.0,3.0,8.420553976534501,1000.0,2178.0,89,House for sale 5cent property Vattiyoorkavu vellekadavu jn road side near.Bus stop bank atm petrolpumb market price negotiable east fort 8km velleyambalam 5km
"3 Bedroom House for sale in Peroorkada, Trivandrum",https://www.99acres.com/3-bhk-bedroom-independent-house-villa-for-sale-in-peroorkada-trivandrum-1800-sq-ft-spid-I76078241,8000000.0,3.0,0.5533715742696798,1800.0,2500.0,66,5 cent 1800 sqft 3 bhk Redbrick house
"2 Bedroom House for sale in Pettah, Trivandrum",https://www.99acres.com/2-bhk-bedroom-independent-house-villa-for-sale-in-pettah-trivandrum-1-sq-ft-spid-P76078165,8500000.0,2.0,7.736829514771053,1200.0,1524.0,67,"House with 1200 sqft built up area in 3.5 cent land with car parking .House is located in good residential area .Close proximity to major locations like pettah railway station,post office, trivandrum international airport,lords,kims ananthapuri hospitals and also famous govt and private schools."
"4 Bedroom House for sale in Karyavattom, Trivandrum",https://www.99acres.com/4-bhk-bedroom-independent-house-villa-for-sale-in-karyavattom-trivandrum-2287-sq-ft-r1-spid-T75975435,9500000.0,4.0,0.0,2120.0,2286.0,28,"Karyavattom is one of trivandrum's most sought after destination for residential houses and this 4 bhk house in karyavattom is your opportunity to be a part of this community. Another plus point for the house is that it is situated near close to school, close to hospital, close to market and close to railway station. Containing 4 bedrooms, 4 bathrooms and 2 balconies, this independent house is spread over a super built up area of 5 cents. The owner of the house also gets 3 open parking slot(s) to park their car safely. This villa is currently under construction stage and you can expect to get the possession of the property within 3 months. This house is owned under freehold contract. By paying just 95 lac, you can become the proud owner of this independent house. The independent house provides access to clean water through municipal corporation and borewell/tank supply. This independent house is facing the east direction. The beautifully designed vitrified flooring enhances the beauty of this independent house."
"4 Bedroom House for sale in Satyan Nagar, Trivandrum",https://www.99acres.com/4-bhk-bedroom-independent-house-villa-for-sale-in-satyan-nagar-trivandrum-5-sq-ft-spid-A76069879,11000000.0,4.0,0.4542551423214215,2000.0,2178.0,61,Contemporary 2000 sqft house for sale in Sathyan nagar pappanamcode for sale. 1.4 km From pappanamcode junction. 400 mts from bus route. 200 mts away from proposed stadium in pappanamcode. Urgent sale. Slightly negotiable for genuine buyers.
"3 Bedroom House for sale in Kazhakootam, Trivandrum",https://www.99acres.com/3-bhk-bedroom-independent-house-villa-for-sale-in-kazhakootam-trivandrum-660805-sq-ft-spid-R76060491,6400000.0,3.0,3.401623430864179,1517.0,2178.0,32,"3 bhk villa for sale in kazhakuttom, trivandrum."
"3 Bedroom House for sale in Peyad, Trivandrum",https://www.99acres.com/3-bhk-bedroom-independent-house-villa-for-sale-in-peyad-trivandrum-6-sq-ft-spid-R76059503,4700000.0,3.0,0.5669915837579954,1300.0,2613.0,68,Near carmel school peyad Star villa
"4 Bedroom House for sale in Powdikonam, Trivandrum",https://www.99acres.com/4-bhk-bedroom-independent-house-villa-for-sale-in-powdikonam-trivandrum-1750-sq-ft-r1-spid-Q75994387,7700000.0,4.0,0.3890766644285826,1750.0,1890.0,73,Spacious living & dining West facing front side Private road access Corporation limit Technopark from here 7km Cet engineering college 4.5 km Green field international stadium 6 km Sabarigiri international school 2.5 km Mannathala junction 3 km Easily access from here mc road & nh 66
"3 Bedroom House for sale in Killy, Trivandrum",https://www.99acres.com/3-bhk-bedroom-independent-house-villa-for-sale-in-killy-trivandrum-1500-sq-ft-spid-F76032919,4800000.0,3.0,0.5158546515581834,1500.0,1960.0,35,4.5 cent Bedroom 3 with bath attached Balcony Sit out Car porch
"4 Bedroom House for sale in Peroorkada, Trivandrum",https://www.99acres.com/4-bhk-bedroom-independent-house-villa-for-sale-in-peroorkada-trivandrum-1900-sq-ft-spid-Y76013241,7300000.0,4.0,0.5525625006684125,1900.0,3484.0,7,"Very new house for sale at trivandrum azhikode. 8cent, 1900sqft."
"3 Bedroom House for sale in Kattakkada, Trivandrum",https://www.99acres.com/3-bhk-bedroom-independent-house-villa-for-sale-in-kattakkada-trivandrum-1000-sq-ft-r1-spid-A71439280,4500000.0,3.0,2.8215200195997694,1000.0,6098.0,31,"14 cent property along with 3bhk independent house, 2.5 km from kattakada all amenities near"
"3 Bedroom House for sale in Vattiyoorkavu, Trivandrum",https://www.99acres.com/3-bhk-bedroom-independent-house-villa-for-sale-in-vattiyoorkavu-trivandrum-1307-sq-ft-r2-spid-S64268158,6000000.0,3.0,0.4868786874821322,1480.0,1306.0,89,Located at soorya nagar near polytechnic 250 mtrs from main road Area : 3 cents 1480 sqft 3 bed rooms(Attached) Wardrobes in bedrooms Cupboards in kitchen Vattiyoorkavu : 1.5 km Trivandrum : 8 km Price : 60 lakhs
"3 Bedroom House for sale in Sreekariyam, Trivandrum",https://www.99acres.com/3-bhk-bedroom-independent-house-villa-for-sale-in-sreekariyam-trivandrum-5-sq-ft-spid-V75722655,8750000.0,3.0,3.316339808753648,1650.0,2178.0,80,1650 sq brand meter i used. Species room 2 car parking. Stone works.
"3 Bedroom House for sale in Karyavattom, Trivandrum",https://www.99acres.com/3-bhk-bedroom-independent-house-villa-for-sale-in-karyavattom-trivandrum-1873-sq-ft-spid-T75562047,7500000.0,3.0,0.39903661657362866,1800.0,1872.0,28,Property in karyavattom trivandrum for sale
"3 Bedroom House for sale in Karamana, Trivandrum",https://www.99acres.com/3-bhk-bedroom-independent-house-villa-for-sale-in-karamana-trivandrum-1600-sq-ft-spid-Y75667835,8500000.0,3.0,0.36063275222276076,1600.0,1611.0,24,3.700cents 1600sqft new indipendent home for sale at papanam code jn to site at 800m
"4 Bedroom House for sale in Anayara, Trivandrum",https://www.99acres.com/4-bhk-bedroom-independent-house-villa-for-sale-in-anayara-trivandrum-1700-sq-ft-spid-M75619097,6000000.0,4.0,0.0,1700.0,1525.0,2,"Lorry plot ,2 car parking. Hospitals schools are near. Kims hospital is near"
"3 Bedroom House for sale in Vattiyoorkavu, Trivandrum",https://www.99acres.com/3-bhk-bedroom-independent-house-villa-for-sale-in-vattiyoorkavu-trivandrum-1400-sq-ft-spid-M75604111,5700000.0,3.0,0.5634774899189361,1350.0,1400.0,89,Vattiyoorkavu moonamoodu haritha lane 3 cent 3 bedroom attached house for sale. Just 150 mtrs from bus station. Corporation limit. Those who are willing to see the property please make a call.
"4 Bedroom House for sale in Pothencode, Trivandrum",https://www.99acres.com/4-bhk-bedroom-independent-house-villa-for-sale-in-pothencode-trivandrum-5-sq-ft-spid-R75603493,6500000.0,4.0,0.5828806783212848,1750.0,1960.0,71,"4bhk house from sobha developers in kattaikonam, vazhavilla, (Aiswarya gardens) for further information Contact :()"
"3 Bedroom House for sale in Sreekariyam, Trivandrum",https://www.99acres.com/3-bhk-bedroom-independent-house-villa-for-sale-in-sreekariyam-trivandrum-3300-sq-ft-spid-M75598085,12000000.0,3.0,0.49455650976781124,3300.0,1742.0,80,"Were selling a nearly new, high-Quality home in trivandrum. It was built by a well-Known construction company with top-Notch materials for our own use. However, weve moved to europe for work and are now looking to sell it."
"4 Bedroom House for sale in Kattakkada, Trivandrum",https://www.99acres.com/4-bhk-bedroom-independent-house-villa-for-sale-in-kattakkada-trivandrum-2400-sq-ft-spid-J75564243,3500000.0,4.0,4.5207531116960835,2400.0,1960.0,31,Vetrified flooring private well with motor separate outside kitchen close to christian college muthiyavilla rc church 2kms to katt kada busstand bus stop near house Good road.
"4 Bedroom House for sale in Chanthavila, Trivandrum",https://www.99acres.com/4-bhk-bedroom-independent-house-villa-for-sale-in-chanthavila-trivandrum-2200-sq-ft-spid-P75517313,8800000.0,4.0,0.4787010944224333,2200.0,2831.0,8,"Newly built house (1 year old) is for sale near to kaataikonam. 6.5 cent 2200 sqft + 350 sqft pool area 4 bedroom 4 attached bathroom Open kitchen with work area Open sitout with small pool area Open terrace 7 km to technopark 6.5 km to sreekariyam Accessible through sreekaryam and bypass From bypass road 500m From sreekaryam road 300m Selling for relocation to hyderabad Expected price is 8800000, negotiable Trivandrum corporation limit Villa area"
"3 Bedroom House for sale in Ooruttambalam, Trivandrum",https://www.99acres.com/3-bhk-bedroom-independent-house-villa-for-sale-in-ooruttambalam-trivandrum-1200-sq-ft-spid-K75451473,3000000.0,3.0,7.768398550340361,1200.0,1742.0,57,Access major town with in 12km
"2 Bedroom House for sale in Sreekariyam, Trivandrum",https://www.99acres.com/2-bhk-bedroom-independent-house-villa-for-sale-in-sreekariyam-trivandrum-1250-sq-ft-r1-spid-H67017270,5700000.0,2.0,0.5331180354084611,1250.0,1300.0,80,"Ready to move semi furnished 2bhk near cet With compound wall and gate.High residential area Hardly 500m to cet,1 km to sreekaryam junction and 4 km to technopark."
"2 Bedroom House for sale in Kazhakuttam, Trivandrum",https://www.99acres.com/2-bhk-bedroom-independent-house-villa-for-sale-in-kazhakuttam-trivandrum-4792-sq-ft-spid-S75449477,9500000.0,2.0,3.2449188970910523,700.0,4791.0,32,"For sale: Charming 2 bhk house in kazhakuttom, near menamkulam overbridge"
"4 Bedroom House for sale in Kariavattom, Trivandrum",https://www.99acres.com/4-bhk-bedroom-independent-house-villa-for-sale-in-kariavattom-trivandrum-2200-sq-ft-r1-spid-Q73167249,9800000.0,4.0,0.0,2200.0,2178.0,25,"6kms from technopark,4 kms from kazhakuttam junction. Easy accessible to supermarkets and schools. Closed community. Smart home integrated. Luxury interiors and abundant parking"
"3 Bedroom House for sale in Pottayil, Trivandrum",https://www.99acres.com/3-bhk-bedroom-independent-house-villa-for-sale-in-pottayil-trivandrum-1100-sq-ft-spid-B75404755,3700000.0,3.0,5.745430714181905,1100.0,1742.0,72,"1100 sq feet, 4 cents 3 attached bedroom ( 2 on ground floor + 1 first floor) Truss work done at first floor open terrace and car porch area. Good quality paint work done recently Quality cupboard racks done in kitchen and work area. Wide roads access Hardly a kilometer from vilavoorkal grahma panchayat office. 4.5 km from thirumala junction. 35 lakhs Contact :"
"4 Bedroom House for sale in Karyavattom, Trivandrum",https://www.99acres.com/4-bhk-bedroom-independent-house-villa-for-sale-in-karyavattom-trivandrum-2000-sq-ft-spid-W75323081,9800000.0,4.0,0.3210026397288729,2150.0,2722.0,28,"Newly build house, red brick 6.250cent 2150 sqft 4 bhk full attached, 2 car parking area, 2 bedrooms available in ground floor, neigbours here, waste pickup facilities, 3.500 km from technopark phase 1 Asking 98 lakh, price negotiable Residential area"
"2 Bedroom House for sale in Kalliyoor, Trivandrum",https://www.99acres.com/2-bhk-bedroom-independent-house-villa-for-sale-in-kalliyoor-trivandrum-900-sq-ft-spid-A75212477,3300000.0,2.0,2.951857708729235,900.0,2178.0,20,Newly constructed house and 5 cent property
"3 Bedroom House for sale in Manacaud, Trivandrum",https://www.99acres.com/3-bhk-bedroom-independent-house-villa-for-sale-in-manacaud-trivandrum-1800-sq-ft-spid-V75119575,12500000.0,3.0,0.31233016176540773,1800.0,2069.0,81,2200 sqft newly constructed house in 4.75 cents with all the amenities for sale in a good locality.
"3 Bedroom House for sale in Kanaka Nagar, Trivandrum",https://www.99acres.com/3-bhk-bedroom-independent-house-villa-for-sale-in-kanaka-nagar-trivandrum-1960-sq-ft-r1-spid-J72835887,4500000.0,3.0,0.37596762534150474,1050.0,1960.0,42,"Place , malayinkeezhu -Cheenivila near christnagar school 4cent 3bhk 1050sqft Villa project,loan available"
"3 Bedroom House for sale in Pothencode, Trivandrum",https://www.99acres.com/3-bhk-bedroom-independent-house-villa-for-sale-in-pothencode-trivandrum-1100-sq-ft-spid-K75028073,4100000.0,3.0,9.725166237066814,1100.0,2613.0,71,"6 cent land, panchayath tar road frontage, 2 car parking. Tiled courtyard. Non-Flood affected area. Well water with motor. Excellent neighborhood. Most of the school bus access."
"3 Bedroom House for sale in Vattiyoorkavu, Trivandrum",https://www.99acres.com/3-bhk-bedroom-independent-house-villa-for-sale-in-hamnet-coconut-valley-vattiyoorkavu-trivandrum-1880-sq-ft-r11-spid-I33192497,8000000.0,3.0,3.3755687980117344,1880.0,2831.0,89,"Hamnet coconut valley offers you tasteful independent villas designed to perfection. Spread over 2.13 acres near vattiyoorkavu, The coconut valley is just 5kms from thiruvananthapuram city. For more details visit"
"3 Bedroom House for sale in Kulathoor, Trivandrum",https://www.99acres.com/3-bhk-bedroom-independent-house-villa-for-sale-in-kulathoor-trivandrum-1525-sq-ft-spid-S74156009,7000000.0,3.0,6.926629962183466,1600.0,1524.0,39,1600 sq ft 3 bhk house behind infosys. Very calm residential area
"3 Bedroom House for sale in Karamana, Trivandrum",https://www.99acres.com/3-bhk-bedroom-independent-house-villa-for-sale-in-karamana-trivandrum-1228-sq-ft-r19-spid-A26916787,5500000.0,3.0,6.313234264234948,1228.0,1306.0,24,"Interested to sell independent house/villa.Placed at karamana.It has spacious 3 bedrooms and 2 bathrooms. .1228 sq.Ft.(Builtup area) , 3 cents(Plot area) is the area of the propertywant to sell it for 55 lac.It is a 5 to 10 years old construction"
"3 Bedroom House for sale in Pothencode, Trivandrum",https://www.99acres.com/3-bhk-bedroom-independent-house-villa-for-sale-in-pothencode-trivandrum-1450-sq-ft-r1-spid-Q68915924,4600000.0,3.0,0.5831998008038047,1450.0,1600.0,71,The property is about 150 m from main road and all facilities are nearby
"3 Bedroom House for sale in Kovalam, Trivandrum",https://www.99acres.com/3-bhk-bedroom-independent-house-villa-for-sale-in-kovalam-trivandrum-1450-sq-ft-r1-spid-I72108386,6400000.0,3.0,0.5404355558087975,1450.0,2177.0,37,Ready to move 3 & 4 bhk affordable villas in a gated community near kovalam bypass price starting from 59 lakh.
"4 Bedroom House for sale in Vattiyoorkavu, Trivandrum",https://www.99acres.com/4-bhk-bedroom-independent-house-villa-for-sale-in-vattiyoorkavu-trivandrum-1600-sq-ft-spid-W70213670,7900000.0,4.0,0.537096552701269,1600.0,1524.0,89,"House for sale in vattiyoorkavu, trivandrum. 3.5 plus cents 1600 sqft plus work area, Vvip neighborhoods Near guru gopinath nadana gramam dance museum, High quality construction, Teak wood staircase, tv unit, dining wash area and kitchen cabinets, 4 bedrooms, 3 attached, 2 living rooms, Dining room, Kitchen, work area, Balcony, sit-Out area, Two parking lots etc."
"4 Bedroom House for sale in Peroorkada, Trivandrum",https://www.99acres.com/4-bhk-bedroom-independent-house-villa-for-sale-in-peroorkada-trivandrum-2100-sq-ft-spid-E70126772,9000000.0,4.0,0.4373335800798516,2100.0,2504.0,66,"Located at krishna nagar Area : 5.75 cents 2100 sqft 2 car parking space 4 bedrooms(Attached) 2 kitchens, 2 work areas Constructed with red bricks Front door : Teak wood Peroorkada : 1 km Kudappanakunnu collectorate : 1 km St thomas school : 2.5 km Price : 90lakhs"
"3 Bedroom House for sale in Vellayani, Trivandrum",https://www.99acres.com/3-bhk-bedroom-independent-house-villa-for-sale-in-vellayani-trivandrum-2000-sq-ft-spid-U70120622,5500000.0,3.0,0.5397332881397658,2000.0,2178.0,92,"3 bedroom house at vellayani. 3 bedroom hall kitchen. 3 toilets. 3 car parking space. Plot area 5.5 cents. Area 1800 sq feet. Furnishing include 2 inverter ac, heater, water purifier. Furnished master bedroom. Branded materials used. All purchase bills will be provided."
"3 Bedroom House for sale in Vazhayila, Trivandrum",https://www.99acres.com/3-bhk-bedroom-independent-house-villa-for-sale-in-vazhayila-trivandrum-2400-sq-ft-spid-E68647990,7500000.0,3.0,0.3771421751695628,1050.0,2400.0,90,"Full red brick construction, not constructed by any builder, high quality plumbing and electrical fittings. Internal drainage system with multiple soak pits. Brokers excuse"
